Metabolite,D0A,D0B,D0C,D1A,D1B,D1C,D2A,D2B,D2C,D3A,D3B,D3C,D4A,D4B,D4C
1         Uridine monophosphate (UMP),2665274,1691385,2821179,172972,112389,478446,156516,1564210,590276,722608,1125426,188880,915544,719237,1374844
"2         1,2-Diamino-2-methylpropane",3763728,3437975,3611686,3440919,2004715,3712422,2692693,1697763,3458228,2796644,3023683,1599168,2215478,2637756,1733636
3         Adenosine 5'-monophosphate,4616550,2131428,4671516,220580,0,535311,0,2348334,1062945,1118644,1910798,228004,1329230,689484,1430272
4         N-acetylaspartate,22401708,18436362,21608260,7662128,6540671,14450766,8054509,10048042,7836998,6788748,10418723,7326188,13541726,13169934,6798224
5         N-Acetyl-L-Histidine,110630400,95432632,102949904,101561384,58361096,147124784,79707272,56266212,71941776,79646624,86662216,55197056,60071320,119606048,74699232
6         Betaine,1317238272,1365663104,1350613760,1395597312,1259653888,1443782912,1398861312,1219629696,1278379904,1260830720,1365566976,1222157440,1251977472,1452200192,1253872384
7         N.alpha.-Acetyl-L-glutamine,7931224,6744880,7174216,11059343,5058384,11287867,7494712,5044048,7338633,7766416,5778527,5066872,5951760,9089266,6662070
8         L-Cystathionine,6421776,4651046,5927036,2825054,2602932,3633476,2825391,4267564,3536157,3797759,4171560,2233653,3067743,3167451,3784906
9         Uridine diphosphate-N-acetylglucosamine,2291622,1221828,1708523,394968,957880,399308,509299,744016,359027,710123,280618,355019,622660,380417,512309
10         dTMP,888963,591144,981937,100175,46542,188366,86591,460922,260048,351708,346438,102104,313000,240599,429958
11         N-Acetyl-L-glutamic acid,2824125,2541805,2454288,2150522,1502685,2752914,1788375,2161313,1928563,1863560,2183504,1645782,2049949,3117475,1920773
12         N-.alpha.-Acetyl-L-arginine,16910154,11162404,16381287,6019486,5453833,7822635,5829615,9445249,7807845,5623254,7160319,5914364,8783478,5614068,7007366
13         Guanine,7656408,9849683,7547583,5838545,12817052,15264865,12806527,18460768,19827632,14212476,18048462,18621060,17539580,24201630,18308562
14         2-Hexyldecanoic acid,0,0,0,0,5002420,0,8056530,0,0,0,0,0,0,0,0
15         4-(2-Hydroxyethyl)piperazine-1-ethanesulfonic acid,0,0,0,0,182630,0,0,0,0,0,0,169667,1602982,0,366266
16         6-Methylmercaptopurine,0,0,0,0,0,0,0,0,0,0,0,0,0,0,0
17         Adenine,77133736,72138408,128223192,75425848,72993480,104899336,97569600,115743512,110495904,114376456,127169920,117561384,146256064,157085712,121509248
18         3-Phenylbutyric acid,0,0,0,0,0,0,0,0,0,0,0,0,0,0,0
19         N.alpha.-Acetyl-L-lysine,47789576,35801360,45461176,29780964,15448908,30410722,20208326,20830054,20128570,20749172,26143488,18480662,21498652,24784520,25497182
20         Glycerophosphocholine,11280640,5133925,9264338,13111081,16202023,20813748,15133262,27429728,23021660,24860598,32137474,15219593,24575200,16384271,23763148
21         Sodium lauryl sulfate,0,0,0,0,0,0,0,0,0,0,0,0,0,0,0
22         N-Alpha-acetyllysine,1942774,2271498,1826520,2333802,1325032,1979118,1831755,959130,1080976,1286465,1172065,1666665,1313991,1908573,1260176
23         L-Glutamic acid,61400060,48197144,55497564,51771196,39336772,46926088,51568540,43654736,42707168,45344428,51753160,39280816,49273300,45477976,40311556
"24         3,4-Dihydroxymandelic acid",0,0,0,0,0,0,0,0,0,0,0,0,0,0,0
25         Betaine,242369968,200107888,197704464,249193456,118257136,249050816,182616336,101938296,145045296,164088640,240884368,107870824,165937152,225661888,142075392
26         L-Threonine,9857019,7710704,8682936,9594312,5929929,9874844,8361279,6128173,7202944,7786250,8049024,5742888,7098987,9286471,6907079
27         Benzamidine,0,0,0,0,0,0,0,0,31981,0,0,0,0,0,0
28         L-Proline,183960944,154012096,143529520,126611808,94662832,225161744,107950528,81336088,85116752,102350112,141734784,65929492,99893800,172261824,85023880
29         2-Aminobenzamide,0,0,0,0,0,0,0,0,0,0,0,0,0,0,0
30         DL-Homocysteine,174816,173649,173527,140625,165965,107326,196623,133577,202861,169567,171671,52708,143074,35204,133900
31         4-Imidazoleacrylic acid,12869030,3291174,5788606,3010752,2100712,5216264,2317665,2109456,3271179,2702579,3426818,2171742,1832693,2631820,2447376
32         Choline cation,3482376,2751347,2674657,2952834,2146455,2459099,2632997,2323323,2884372,2610433,2335298,2131347,2677753,2208648,2276632
33         Busan,0,0,0,0,0,0,0,0,0,0,0,0,0,0,0
34         L-Methionine,9647317,8560547,9069843,10233309,6786550,10049993,8229220,5637205,8321100,8566081,8495269,6960728,7134696,7565324,5621845
35         2-Amino-1-phenylethanol,14748364,12568817,12395228,10928660,7898172,13069611,9623199,7735152,12453095,8498020,11090963,6615226,8017235,10059711,6444550
36         2-Methylbenzoic acid,1383475,1209708,2271436,1342120,1343076,1864003,1740510,2035036,1934541,2105386,2266585,2065370,2621455,2879441,2287254
37         Adenosine,50275648,50675608,32006784,19351440,28638520,37526976,21662592,19192148,27973668,28050816,27353178,22379690,32512944,30844222,14579528
38         Benzyl alcohol,1622173,1376097,1229226,804036,947545,1047256,822329,958220,868356,1023553,899275,661672,1118051,942299,864830
39         L-Cystathionine,11882430,7815102,9296555,4861216,4586858,5500064,4743782,6883154,5528817,6289106,7073210,4051554,5424218,5072887,6128938
40         UDP-N-acetylmuraminate,4908508,2890510,5068744,824551,1075208,1699287,883554,1778697,839852,1396729,728751,905183,1525462,1852521,1278416
41         Betaine,2248354,1851056,1901562,2915825,961050,5510304,1667110,871218,47911684,1573804,2316022,1018792,1697219,2214072,1372952
42         Betaine aldehyde cation,0,0,0,0,0,0,0,0,62730,0,0,0,0,0,0
43         N-Acetyl-L-aspartic acid,26110656,20589700,19500066,24104978,12472346,25926754,16877782,12066108,16373455,17442410,18127988,11076200,15728224,20752130,14000370
"44         1,5-Pentanediamine",2386112,0,0,0,0,0,0,2645817,4779411,2531686,2928539,0,0,0,2927896
45         Dimethylglycine,5061798,3843011,4496969,4226960,3071950,3896950,4180534,3370565,3470224,3684354,4243059,3097098,4148026,3734549,3230660
46         D-Proline,3253924,2936298,2399994,2387725,1299514,4371884,1731211,1142540,1222461,1553506,2649254,896910,1477871,3050748,1218185
47         Demoxepam,0,0,0,0,0,0,0,0,0,0,0,0,0,0,0
48         L-Isoleucine,3068904,2703389,2618860,2590557,1572521,2895498,2098726,839012,2875218,1809231,2334871,577591,1151562,1114874,838885
49         F16 cation,0,0,0,0,0,0,0,0,0,0,0,0,0,0,0
50         (.+/-.)-2-Methylbutyric acid,2131008,2250626,2276704,2095203,1635913,2734686,2363520,2089094,2181487,2670298,2525114,2398698,3365936,4143018,2543397
51         Mebendazole metabolite (2-Amino-5-benzoylbenzimidazole),0,0,0,0,0,0,0,0,0,0,0,0,0,0,0
52         Embelin,0,0,0,0,0,0,0,0,0,0,0,0,0,0,0
53         Linoleic Acid-d4,0,0,0,0,0,0,0,0,0,0,0,0,0,0,0
54         3-Pyridinecarboxaldehyde,1833727,1776475,703649,1570234,2169138,2277164,2138006,1339187,1762079,1864781,1829661,1757338,2364500,2043979,1626323
55         (R)-(+)-2-Pyrrolidone-5-carboxylic acid,5438233,4092232,4744715,4508596,3185292,4002188,4525737,3634464,3767080,3777470,4354762,3199164,4368482,3685186,3355550
56         (R)-(+)-2-Pyrrolidone-5-carboxylic acid,9809774,8393644,7890966,6891764,5519911,6999488,7234564,4849275,10136990,5821978,6582727,4881669,6198157,5214218,4886280
57         Hypoxanthine,167350,230446,145393,253186,939587,662594,563189,908012,1003239,272542,698611,859878,604788,835683,764985
58         Nonanoic acid,0,0,0,0,0,0,0,0,0,0,0,0,0,0,0
59         8-methyl Nonanoic acid,0,0,0,0,0,0,0,0,0,0,0,0,0,0,0
60         2-Hexyldecanoic acid,0,0,0,0,0,0,0,0,0,0,0,0,0,0,0
61         Terephthalic acid,0,0,0,0,0,0,0,0,0,0,0,0,0,0,0
62         TRIPTOPHENOLIDE,763598,0,806190,783453,680425,725315,0,665723,0,746626,0,0,0,959531,0
63         Ammeline,0,0,0,0,16092,0,0,0,0,0,0,0,0,0,0
64         Pentadecylic acid,1495125,1507254,772495,571973,394571,781139,617504,424778,208546,328586,402249,524942,379580,487976,243238
65         Emodin,20654,13399,20505,0,0,0,0,0,0,0,0,0,0,0,0
66         o-Cresol,0,0,0,0,0,0,0,0,0,0,0,0,0,0,0
67         Ureidosuccinic acid,255280,990174,29778,510643,604308,1035176,623724,454927,1270738,1095525,993431,153485,1289488,974831,873065
68         4-Methylcinnamic acid,0,0,0,0,0,0,0,0,0,0,0,0,0,0,0
69         7-Methylguanine,2566534,3135676,1199615,247194,39061,309390,82312,608412,78687,90254,72355,262226,708665,1246816,522989
70         Adenine,3497384,3341445,2292020,1200914,1832988,2527356,1374702,1251962,1957987,1941658,1918011,1408093,2190459,1918423,1024115
71         D-Ala-D-Ala,9554092,8224906,7579730,4699726,3463672,7511242,3774609,2923795,4034510,4583284,6712302,2499679,4102507,5376480,3091477
72         DL-Phenylalanine,32368204,27822886,27169334,23931828,17099872,29161286,21179680,17406308,26997630,19052088,23970970,15058305,17826020,22491122,14532741
"73         4'-Hydroxy-2,3',5,5'-tetramethoxychalcone",0,0,0,0,0,0,0,0,0,0,0,0,0,0,0
74         4-Imidazoleacrylic acid,0,0,0,0,0,0,0,0,0,0,0,0,0,0,0
75         Cumylamine,0,0,0,0,0,0,0,0,0,0,0,0,0,0,0
76         D-Proline,183960944,154012096,143529520,126611808,94662832,225161744,107950528,81336088,85116752,102350112,141734784,65929492,99893800,172261824,85023880
77         4-Pyridinecarboxylic acid,1833727,1776475,703649,1570234,2169138,2277164,2138006,1339187,1762079,1864781,1829661,1757338,2364500,2043979,1626323
78         L-2-Aminoadipic acid,39815452,29941714,31127586,37010876,23524514,36015664,31593382,24083648,26881606,29740854,28416334,23345080,27537546,33911496,25912166
79         N-benzylideneaniline n-oxide,0,0,0,0,0,0,0,0,0,0,0,0,0,0,0
80         D-Pyroglutamic acid,33977768,28695292,33961472,28762184,21217992,28449872,29302854,23848314,24682350,24314258,27540636,21344410,27530430,26153862,23882482
81         L-Glutamine,33977768,28695292,33961472,28762184,22443298,28449872,29302854,23848314,24682350,24314258,27540636,21344410,27530430,26153862,23882482
82         2-Hydroxy-4-methylbenzoic acid,114489,130422,111093,77808,175476,223323,181758,278513,310609,216630,282400,292892,269815,420915,297541
83         3-hydroxy-3-methyl-Glutaric acid,2155551,2033495,1884733,1516524,1166739,2001373,1349766,1312260,1376000,1420004,1347114,1058388,1583805,2681556,1563784
84         Psoralen,45006,0,0,34566,52852,0,0,7110192,0,0,0,0,0,0,0
85         Choline,3482376,2751347,2674657,2952834,2146455,2459099,2632997,2323323,2884372,2610433,2335298,2131347,2677753,2208648,2276632
86         4-Ethynylaniline,10166775,9853316,9908766,9615743,7214008,9427984,11548196,10637128,9057680,8367640,9003485,10057827,8415785,11211825,9607882
87         trans-2-Phenylcyclopropylamine,0,0,0,0,0,0,15045,0,0,0,0,14180,0,0,0
"88         7-chlorothieno[2,3-c]Pyridine",0,0,0,0,0,0,0,0,0,0,0,0,0,0,0
89         o-Cresol,0,0,0,0,0,0,0,0,0,0,0,0,0,0,0
90         Sarcosine,2741990,2576262,2403009,2042363,1950304,1793818,2465845,1961891,1921113,2126924,2317390,1797146,2177610,1835343,1974594
91         Tetramethylammonium cation,0,0,0,0,0,0,0,0,0,0,0,0,0,0,0
92         o-Nitrobenzoic acid,0,0,0,0,0,0,0,0,0,0,0,0,0,0,0
93         3-Hydroxy-4-methoxybenzyl alcohol,1383475,1209708,2271436,1342120,1343076,1864003,1740510,2035036,1934541,2105386,2266585,2065370,2621455,2879441,2287254
94         4-Pyridinecarboxaldehyde,1833727,1776475,703649,1570234,2169138,2277164,2138006,1339187,1762079,1864781,1829661,1757338,2364500,2043979,1626323
95         L-Homoserine,9857019,7710704,8682936,9594312,5929929,9874844,8361279,6128173,7202944,7786250,8049024,5742888,7098987,9286471,6907079
96         Tetramethylthiuram disulfide,0,0,0,0,0,0,0,0,0,0,0,0,0,0,0
97         Oxalic acid,0,0,0,0,0,0,0,0,0,0,0,0,0,0,0
98         2-[(4-Aminobenzoyl)amino]acetic acid,0,0,0,0,0,0,0,0,0,0,0,0,0,0,0
99         DL-2-Aminoadipic acid,39815452,29941714,31127586,37010876,23524514,36015664,31593382,24083648,26881606,29740854,28416334,23345080,27537546,33911496,25912166
100         Tetramethylammonium cation,0,0,0,0,0,0,0,0,0,0,0,0,0,0,0
101         L-Iditol,1468176,1527880,1329935,286750,500250,442524,250404,532784,446247,247420,493003,212531,274963,171777,195171
102         Aminoguanidine,0,0,0,0,0,0,0,0,0,0,0,0,0,0,0
103         Tetramethylammonium cation,0,0,0,0,0,0,0,0,0,0,0,0,0,0,0
104         4-(Trifluoromethyl)benzylamine,312804,243976,206618,239683,137192,288251,202923,142376,173808,215496,195377,117122,179450,189631,145194
105         2-Naphthyl-D-alanine,0,0,0,0,0,0,0,0,0,0,0,0,0,0,0
106         L-Threonine,6808233,5710102,6361550,5415868,4448763,5543246,5619820,4493918,4657516,4545796,5381550,3985718,5302273,5083898,4418750
107         Phospho(enol)pyruvic acid,0,0,0,0,0,0,0,0,0,0,0,0,0,0,0
108         Eflornithine,0,0,0,0,0,0,0,0,0,0,0,0,0,0,0
109         S-Methyl-L-cysteine,20767,21384,47564,29371,27737,70711,38271,50872,38664,44021,43071,41494,72905,99901,61809
110         DL-Phenylalanine,1498557,1194206,1149624,914068,699694,1175810,827593,710304,1315329,747620,1012579,589184,681906,821997,494124
111         DEA,0,0,0,0,0,0,0,0,0,0,0,0,0,0,0
112         (.+/-.)-2-Methylbutyric acid,0,0,0,0,0,0,0,0,0,0,0,0,0,0,0
113         Perchloric acid,0,0,0,0,0,0,0,0,0,0,0,0,0,0,0
114         Phenylpyruvic acid,6036906,5310890,5378242,3225229,3511864,3913903,3457898,3828294,3422548,3595544,3765296,2759383,4331998,4115711,3291025
115         D-Fructose,1147843,1012136,835009,598495,521690,633122,548432,752914,2623103,727803,796434,598682,732050,531593,550225
116         ROFECOXIB,0,0,0,0,0,0,0,0,0,0,0,0,0,0,0
117         L-Serine,2862736,2311068,2184128,2728275,2378970,3218510,2701296,1743858,1931494,2592169,2417034,1912283,2475488,3098829,2362246
118         ANABASAMINE,0,0,0,0,0,0,0,0,0,0,0,0,0,0,0
119         Cytosine,1409043,1357933,931270,1081383,1782871,1610491,1236529,834442,574158,1462664,793248,1471309,1283596,1469075,804114
120         N-1-Desalkylflurazepam,19155,32781,17793,25760,24998,14843,22758,17658,19768,14818,22666,16648,20413,14416,24174
121         Wedelolactone,0,0,0,0,0,0,0,0,0,0,0,0,0,0,0
122         Splitomicin,0,0,0,0,0,0,0,0,0,0,0,0,0,0,0
123         DEA,0,0,0,0,0,0,0,0,0,0,0,0,0,0,0
124         L-Glutamic acid,33977768,28695292,33961472,28762184,21217992,28449872,29302854,23848314,24682350,24314258,27540636,21344410,27530430,26153862,23882482
125         4-Nitrobenzoic acid,0,0,0,0,0,0,0,0,0,0,0,0,0,0,0
126         N-Acetyl-L-glutamic acid,4714160,3649490,4247055,5421996,2702133,6688484,4602262,2836240,4167525,4630799,3274942,2976574,3286854,5014518,3980155
127         DEA,0,0,0,0,0,0,0,0,0,0,0,0,0,0,0
128         Cordycepin,3335399,4294866,2215572,1531164,2878716,3691200,2486992,1812346,3897369,3188739,2706393,2816433,2888422,3771578,2273847
129         Tetramethylammonium cation,0,0,0,0,0,0,0,0,0,0,0,0,0,0,0
130         Isoeugenol,0,0,0,0,0,0,0,0,0,0,0,0,0,0,0
131         L-Glutamic acid,3216695,2428638,2487864,2110334,1726141,2046001,2115925,1332749,3382096,1871295,2091866,1408743,1872420,1483217,1341719
132         DEA,0,0,0,0,0,0,0,0,0,0,0,0,0,0,0
133         L-.beta.-Homoserine,6808233,5710102,6361550,5415868,4448763,5543246,5619820,4636495,4657516,4545796,5381550,4015778,5302273,5083898,4418750
134         Tetramethylammonium cation,0,0,0,0,0,0,0,0,0,0,0,0,0,0,0
135         Nicotinamide adenine dinucleotide (NAD),1788288,1125310,1689704,204699,388005,677073,317822,1015871,748954,666015,840103,310311,841470,524047,648189
136         DEA,0,0,0,0,0,0,0,0,0,0,0,0,0,0,0
137         Phospho(enol)pyruvic acid,540615,26522,1371086,0,0,0,0,457467,212239,52721,283007,0,63629,0,321765
138         Sulfuric acid,0,0,0,0,0,0,0,0,0,0,0,0,0,0,0
139         N.alpha.-Acetyl-L-glutamine,34578824,27914928,30809446,38867888,19408382,47768516,32045510,20348156,30858772,32328642,24331106,21581914,23577706,36672108,28490332
140         DEA,0,0,0,0,0,0,0,0,0,0,0,0,0,0,0
141         4-(1-piperazinyl)-1H-Indole (hydrochloride),0,0,0,0,0,0,0,0,0,0,0,0,0,0,0
142         4-Nitrobenzoic acid,0,0,0,0,0,0,0,0,0,0,0,0,0,0,0
143         Tetramethylammonium cation,0,0,0,0,0,0,0,0,0,0,0,0,0,0,0
144         N-Acetyl-a-neuraminic acid,544746,458689,519265,751531,216695,837470,721720,755947,880136,510173,852224,523274,594498,924048,526473
145         O-Methyl-DL-serine,9857019,7710704,8682936,9594312,5929929,9874844,8361279,6128173,7202944,7786250,8049024,5742888,7098987,9286471,6907079
146         Diethanolamine,1041865,460274,728703,455702,534698,468737,492629,462976,449795,442834,521902,450822,0,468053,439389
147         DL-Phenylalanine,1264247,1078060,1052723,314162,479171,569399,438769,589864,453431,438378,494724,326857,618680,526130,495567
148         4-Pyrimidine Methanamine (hydrochloride),7677922,6232214,6942174,6764356,4197630,9961547,5166109,3733746,4623770,5311034,5608086,3489659,3847456,7978002,4955536
149         DL-Methionine,2389149,2062936,2219794,2493400,1654015,2383824,2084923,1414520,2080066,2085038,2065526,1674215,1742996,1965255,1328009
150         5-Methoxytryptophol,0,0,0,0,0,0,0,0,0,0,0,0,0,0,0
151         O-Acetyl-L-serine,33977768,28695292,33961472,28762184,21217992,28449872,29302854,23848314,24682350,24314258,27540636,21344410,27530430,26153862,23882482
152         Cytidine,1124562,1002926,642343,788082,1333855,1255242,949954,609529,435330,1071350,512175,1159656,978378,1094307,574063
153         N-Acetyl-DL-methionine,767167,667251,461493,888031,233330,1102408,567676,269294,538482,526287,602444,296516,351133,831456,446909
154         AL 34662,0,0,0,0,0,0,0,0,0,0,0,0,0,0,0
155         Niacinamide,2595490,2096900,2023620,3031627,2170982,2007822,2682220,1464209,1956172,1393919,1567235,2427282,1653216,1594734,1099261
156         L-.beta.-Homoserine,3107811,2336240,2670387,3053136,1696668,3099342,2526356,1953521,2291244,2282135,2592950,1779659,2240969,2917823,2142794
157         Succinic acid,2283570,2445550,2577613,2115757,2072485,2186088,2930773,4054441,2759976,3006174,3066193,4348943,5060668,4894018,4048643
158         L-Threonine,3107811,2336240,2670387,3053136,1696668,3099342,2526356,1953521,2291244,2282135,2592950,1779659,2240969,2917823,2142794
159         5-Nitro-2-toluidine,0,0,0,0,0,0,0,0,0,0,0,0,0,0,0
160         O-Methyl-DL-serine,1874075,724386,1345841,640412,398548,404425,665006,340600,685127,317054,279748,241014,261316,251863,203360
161         4-(2-Hydroxyethyl)piperazine-1-ethanesulfonic acid,0,0,0,0,498412,0,0,0,0,267529,263269,409814,5175358,0,672112
162         L-Leucine,1371023,1393332,1252973,1635228,914450,1704318,1161315,787648,972898,1137030,1210632,534663,1148433,1508921,892769
163         Phthalic anhydride,0,0,0,0,0,0,0,0,0,0,0,0,0,0,0
164         L-Serine,4441424,3367078,3224122,4061819,1984635,4388340,2924044,2057046,2792968,2912231,2945946,1855072,2618574,3580214,2368168
165         Diethyl phthalate,0,0,0,0,0,0,0,0,0,0,0,0,0,0,0
166         Asp Met,39659044,34858504,38745432,14833168,31362894,24032266,17969936,30934824,25363764,27631010,20960316,24823528,30152782,22731304,22807478
167         Tetramethylammonium cation,0,0,0,0,0,0,0,0,1957847,0,0,0,0,0,0
168         2-Methyl-1-Pyrroline,1366881,1012707,1268210,770777,400020,791495,569440,578590,552193,542732,712315,500814,576546,678129,658853
169         Phosphoric acid,3079734,757188,5618950,0,0,0,0,1885678,1591716,1281818,2127692,0,836842,0,1815946
170         DMPO,0,0,0,0,0,0,0,0,0,0,0,0,0,0,0
171         L-Arginine,0,0,0,0,0,0,0,0,0,0,0,0,0,0,0
172         L-Tryptophan,1475591,1518253,1106200,881973,809004,975052,769160,1060804,2573062,892165,954309,837167,812280,812320,663486
173         Trietazine,420341,387589,267656,262488,210962,231009,190335,233490,1215200,225350,263598,232318,235155,174670,191816
174         Pro Gln,962760,799256,724688,784180,571476,561476,554062,559050,2429602,538366,708555,569545,631480,514614,422247
175         Dimethylmalonic acid,0,0,0,0,0,0,0,0,0,0,0,0,0,0,0
176         DEA,0,0,0,0,0,0,0,0,0,0,0,0,0,0,0
177         Adenosine 5'-monophosphate,8445766,4297194,9178251,435231,0,1149161,0,4118733,2102884,1853171,3272302,459262,2475732,1182541,2597710
178         Tetramethylammonium cation,0,0,0,0,0,0,0,0,0,0,0,0,0,0,0
179         Uracil,1892829,2050874,2974971,2656808,1784076,2679240,2066310,2553583,943082,2287050,1804684,2501542,2589618,3755486,3038872
"180         Ethanol, 2-[2-(2-butoxyethoxy)ethoxy]-",0,0,0,0,0,0,0,0,0,0,0,0,0,0,0
181         Benzamidine,0,0,0,0,0,0,0,0,0,0,0,0,0,0,0
182         Cymoxanil,87366,77552,76533,88031,47618,103597,64357,55051,56328,56666,69012,51359,57714,96909,57236
183         HARMOL,87366,77552,76533,88031,47618,103597,64357,55051,56328,56666,69012,51359,57714,96909,57236
184         Dimethylmalonic acid,0,0,0,0,0,0,0,0,0,0,0,0,0,0,0
185         8-METHYLCAFFEINE,1244262,992570,836858,478305,611393,495604,549324,825225,1421025,539681,525675,573024,698503,517020,497267
186         DEA,0,0,0,0,0,0,0,0,0,0,0,0,0,0,0
187         Isonicotinamide,2595490,2096900,2023620,3031627,2170982,2007822,2682220,1464209,1956172,1393919,1567235,2427282,1653216,1594734,1099261
188         Met Asp,39659044,34858504,38745432,14833168,31362894,24032266,17969936,30934824,25363764,27631010,20960316,24823528,30152782,22731304,22807478
189         1-Deoxy-D-xylulose 5-phosphate,1940092,1378244,1501716,40547,24786,712018,33471,487352,356357,307784,878770,51408,271473,598200,451752
190         Guanosine,1355002,1204809,789842,461440,698643,925099,653227,814458,1167340,734291,816887,684952,973285,856652,803462
191         D-Lactic acid,1808965,0,1428671,0,0,1738370,0,0,0,0,0,0,0,0,0
192         2-Phenylpropionaldehyde,0,0,0,0,0,0,15045,0,0,0,0,14180,0,0,0
"193         Butanoic acid, 2-amino-, (S)-",1662148,0,1916510,0,0,0,0,0,0,0,0,0,0,0,0
194         Phosphoric acid,5377770,5217712,4872135,4605764,4200804,4893800,3974529,4410541,4095499,4579974,4559577,4429988,4109444,4260894,4335350
195         Glu-Pro,4131516,2818058,3505114,1947904,1439527,2193375,1762840,2091761,1815607,1470570,1887997,1469890,1836545,1942791,1479474
"196         Propanoic acid, 3-amino-2-methyl-",1662148,0,1916510,0,0,0,0,0,0,0,0,0,0,0,0
197         L-Citrulline,1964786,1485930,2268684,1197062,2354055,1863390,1273651,1931677,1553251,1669322,1810129,2249757,2181483,1897817,1717878
198         Methylmalonic acid,2283570,2445550,2577613,2115757,2072485,2186088,2930773,4054441,2759976,3006174,3066193,4348943,5060668,4894018,4048643
199         Met-Asp,39659044,34858504,38745432,14833168,31362894,24032266,17969936,30934824,25363764,27631010,20960316,24823528,30152782,22731304,22807478
200         Xanthone,0,0,0,0,0,0,0,0,0,0,0,0,0,0,0
201         6-Aminocaproic acid,0,0,0,0,0,0,0,0,0,0,0,0,0,0,0
202         N8-Acetylspermidine,0,0,0,0,0,0,0,0,0,0,0,0,0,0,0
203         L-Histidine,4504110,3556055,4414400,2771288,1856669,3070532,2260911,2212321,2866845,2311440,2178969,2285589,2078508,2479809,1990794
204         4-Nitrosodiphenylamine,1027518,913746,952180,920016,585853,1394778,796383,581849,701204,778793,758136,522064,531300,1174783,714360
205         Sarcosine,10725417,8675748,7610712,8210550,4561244,10540391,5932112,4184734,5338377,4833795,7404556,4164382,4480834,6077687,4050427
206         2-Aminoisobutyric acid,1662148,0,1916510,0,0,0,0,0,0,0,0,0,0,0,0
"207         2,2'-Diaminodiphenyldisulfide",0,0,0,0,0,0,0,0,0,0,0,0,0,0,0
208         L-Homocitrulline,278838,211899,264870,146484,83336,152807,103180,114766,117677,120491,149970,111006,119132,145142,137321
209         Sodium nitrate,0,0,0,0,0,0,0,0,0,0,0,0,0,0,0
210         Ethionamide,0,0,0,0,0,0,0,0,0,0,0,0,0,0,0
211         Isoliquiritigenin,0,0,0,0,0,0,0,0,0,0,0,0,0,0,0
212         Tripropylene glycol,0,0,0,0,0,0,0,0,0,0,0,0,0,0,0
"213         1,2-Benzenedicarboxylic acid",0,0,0,0,0,0,0,0,0,0,0,0,0,0,0
"214         7-chlorothieno[2,3-c]Pyridine",0,0,0,0,0,0,0,0,0,0,0,0,0,0,0
215         Tris(hydroxymethyl)aminomethane,1127006,1353735,0,1726333,0,1403291,1246774,0,0,0,0,0,0,0,0
216         L-Pipecolic acid,969768,746824,698190,721891,458561,982868,596011,432066,542808,542923,710283,407031,572706,851398,446798
217         Tris(hydroxymethyl)aminomethane,0,0,0,0,0,0,0,0,0,0,0,0,0,0,0
218         Pentapropylene glycol,0,0,0,0,0,0,0,0,0,0,0,0,0,0,0
219         L-Glutamine,24599878,17553396,32331288,28410250,49549376,30226932,35274776,37066080,24143526,43764228,20086814,28267014,34358300,23515216,30356248
220         L-N5-(1-Imino-3-pentenyl) ornithine,452168,396000,327015,249857,190486,236335,152567,220200,1370015,303560,397241,201570,227486,182681,191689
221         D-Pyroglutamic acid,3216695,2428638,2487864,2110334,1726141,2046001,2115925,1332749,3382096,1871295,2091866,1408743,1872420,1483217,1341719
222         4-Ethylbenzoic acid,222383,255203,296136,258527,279300,302502,332719,478961,439806,563682,537736,569522,721616,973689,823095
223         Acetic acid,6808233,5710102,6361550,5415868,4033967,5543246,5619820,4493918,4657516,4545796,5381550,3985718,5302273,5083898,4418750
224         Tris(hydroxymethyl)aminomethane,0,0,0,0,0,0,0,0,0,0,0,0,0,0,0
225         Acetamiprid,3636682,3207780,2874758,2119890,2189890,2500292,2213226,2426023,2264510,2710908,2803919,1871125,2340213,2189898,2417770
226         Isocytosine,1409043,1357933,931270,1081383,1782871,1610491,1236529,834442,574158,1462664,793248,1471309,1283596,1469075,804114
227         Adenine,691584,739543,844071,762683,849178,776583,829051,883134,678161,743277,780364,839301,769794,926826,838350
228         Ureidosuccinic acid,0,0,0,0,0,0,0,0,0,0,0,0,0,0,0
229         L-Tryptophan,1008599,969933,777793,638984,575689,651159,475967,769778,1931634,586513,695629,604721,642201,524762,444802
230         .epsilon.-Caprolactam,0,0,0,0,0,0,0,0,0,0,0,0,0,0,0
231         Seleno-DL-cystine,0,0,0,0,0,0,0,0,0,0,0,0,0,0,0
232         N-Acetyl-L-glutamic acid,1520302,1094313,1124743,1071390,894896,1552202,900220,1033029,900810,1016520,1054398,905214,1075199,1478684,993649
"233         DL-2,3-Diaminopropionic acid",2481160,2307267,2085806,1726930,1751691,1590790,2213201,1764706,1606303,1971443,1969714,1455829,1978711,1438522,1784603
234         .alpha.-Guanidinoglutaric acid,205546,166060,166660,235764,108504,295114,168411,105354,172220,186299,134370,128487,134583,199380,145479
"235         Phenol, o-amino-",0,0,0,0,0,0,0,0,0,0,0,0,0,0,0
236         N-Acetylpyrrolidine,0,0,0,0,0,0,0,0,0,0,0,0,0,0,0
237         L-Aspartic acid,28881270,26707306,27920260,21443432,23791012,19152240,27967708,20281766,24310464,26343762,27474520,17856936,27100440,19189236,19184518
238         L-Histidine,2655240,2278536,2573099,2485599,1358308,3677300,1913783,1320070,1618659,1909422,2114321,1238855,1420506,3118974,1804618
239         Methylsuccinic acid,0,0,0,0,0,0,0,0,0,0,0,0,0,0,0
240         Bethanechol cation,2359929,2417536,1313746,1640594,984079,1846805,1509514,1060670,669555,695516,654842,1352939,913040,942239,703711
241         DEA,0,0,0,0,0,0,0,0,0,0,0,0,0,0,0
242         Succinic acid semialdehyde,1515228,1462631,1413421,963504,1340167,987162,1299243,1599006,1061426,1422371,1069609,1428691,1861233,1539518,1529603
243         Butyric acid,1212783,1065138,1220403,1096472,1126272,984863,1163332,1170309,1083094,1095740,1122265,1048964,1058152,1215109,1054606
"244         DL-2,3-Diaminopropionic acid",4441424,3367078,3224122,4061819,1984635,4388340,2924044,2057046,2792968,2912231,2945946,1855072,2618574,3580214,2368168
245         Dimethylformamide,2115787,1726836,1766382,2111368,1344272,2112555,1723584,1363515,1519997,1575634,1718191,1251958,1542376,2037925,1500569
246         Pro Leu,585541,466053,349668,460169,285744,376605,320021,207889,1302818,217076,268995,248738,226333,231151,150073
247         2-Mercaptobenzothiazole,0,0,0,0,0,0,0,0,0,0,0,0,0,0,0
248         4-Methyl-1H-pyrazole,0,0,0,0,0,0,0,0,0,0,0,0,0,0,0
249         L-Glutamic acid,136831904,113795480,133204176,114840664,92212936,115561688,119352048,96789544,97040248,101577632,110346768,89450872,107546208,104586568,96081648
"250         Ethanol, 2,2'-oxybis-",1212783,1065138,1220403,1096472,1126272,984863,1163332,1170309,1083094,1095740,1122265,1048964,1058152,1215109,1054606
251         Pyruvic acid,0,0,0,0,0,0,0,0,0,0,0,0,0,0,0
252         Dimethylglycine,1662148,0,1916510,0,0,0,0,0,0,0,0,0,0,0,0
253         L-Asparagine,3605292,2737880,2701961,3281244,1667145,3601089,2284128,1672400,2241553,2409561,2477338,1492089,2127302,2740700,1903316
254         D-Ala-D-Ala,29315990,25218358,25650346,16010433,12430980,24612658,14090359,10700190,12508543,14368134,20849980,9659999,14780442,21574706,11859132
255         Triethylene glycol,14600562,13157495,14927665,13679003,13491017,12283472,13713390,13727371,13126951,13114007,13379104,13117683,12852067,14602863,13043912
256         N-Methyl-L-glutamate,1108960,786608,1196544,403376,328981,589526,373231,689461,382546,367708,540491,451760,517108,758515,388865
257         Ergothioneine,1597009,1091438,1095392,816258,600895,786749,768487,745560,446978,519444,590945,580300,613417,750702,537392
258         N-Methylglutamic acid,5491016,4714784,4256345,3613573,1767471,4483688,2434474,1711078,2362620,2557810,2976696,1959688,2360060,4420071,2007654
"259         1,3-Dimethylbarbituric acid",2726094,2159552,1953335,2925424,1716518,2920764,2179066,1539140,1951274,2098870,2114196,1507312,1714671,2412763,1658054
260         thio-m-Toluthioamide,17639,11741,21215,16706,0,16417,0,0,16029,0,0,0,0,0,0
261         Tetraethylene glycol,0,0,0,0,0,0,0,0,0,0,0,0,0,0,0
262         Citrulline,1964786,1485930,2268684,1197062,2354055,1863390,1273651,1931677,1553251,1669322,1810129,2249757,2181483,1897817,1717878
263         JUAREZIC ACID,0,0,0,0,0,0,0,0,0,0,0,0,0,0,0
264         6-Methylchromanone,82919,67210,84655,108669,53850,95627,83944,49386,73415,75436,80863,63632,54956,81824,61945
265         p-Hydroxyphenyllactic acid,3716887,3114156,3205843,1874530,2051952,2368306,2019540,2261123,2047754,2117298,2167026,1603990,2495482,2384373,1847679
266         2-Thiopheneacrylic acid,0,0,0,0,0,0,0,0,0,0,0,0,0,0,0
267         6-Hydroxy-4-methylcoumarin,0,0,0,0,0,0,0,0,0,0,0,0,0,0,0
268         Pyrimidin-4-yl-Methanol,0,0,0,0,0,0,0,0,0,0,0,0,0,0,0
269         N.epsilon.-Acetyl-L-lysine,47789576,35801360,45461176,29780964,15448908,30410722,20208326,20830054,20128570,20749172,26143488,18480662,21498652,24784520,25497182
270         D-Quinovose,0,0,0,0,0,0,0,0,0,0,0,0,0,0,0
271         Iminodiacetic acid,11023571,8747561,11551392,5378738,11337525,5122709,9655272,5781106,9715974,14038112,13941673,5126644,13135400,5702556,7833494
272         Betaine,5892108,5322895,4881974,6846826,3310203,7316288,5217877,2997312,3913783,4467166,6153183,2909694,4478710,5964360,3779678
"273         Hexanedioic acid, 2-amino-",5491016,4714784,4256345,3613573,1767471,4483688,2434474,1711078,2362620,2557810,2976696,1959688,2360060,4420071,2007654
274         L-Methionine,2389149,2062936,2219794,2493400,1654015,2383824,2084923,1414520,2080066,2085038,2065526,1674215,1742996,1965255,1328009
275         Glutaric acid,0,0,0,0,0,0,0,0,0,0,0,0,0,0,0
276         Butoxycarboxim,3636682,3207780,2874758,2119890,2189890,2500292,2213226,2426023,2264510,2710908,2803919,1871125,2340213,2189898,2417770
277         L-Threonine,1874075,724386,1345841,640412,398548,404425,665006,340600,685127,317054,279748,241014,261316,251863,203360
278         5'-Deoxy-5-fluorouridine,22163366,19186706,20007434,11468979,11966389,16916506,11982647,12886826,10184595,12683487,14288975,10750289,14291340,14886296,10643646
279         .beta.-Cyano-L-alanine,3605292,2737880,2701961,3281244,1667145,3601089,2284128,1672400,2241553,2409561,2477338,1492089,2127302,2740700,1903316
280         2-methyl-3-Pyrimidin-2-yl-Propionic Acid,92260,76934,83471,61928,54876,70980,72256,46651,72756,56966,68203,44773,51690,75929,39855
281         Triethanolamine,1801102,1438754,1968734,1697262,1962604,1682211,1525545,1592569,1605038,1660770,1991149,1536827,1655243,1769312,1564275
282         .alpha.-Hydroxyisocaproic acid,1801102,1438754,1968734,1697262,1962604,1682211,1525545,1592569,1605038,1660770,1991149,1536827,1655243,1769312,1564275
283         L-Citrulline,1117302,828732,1260853,694102,1298539,1051990,735265,1129316,902904,943050,1012464,1291194,1251839,1051773,960144
284         dl-.beta.-Phenyllactic acid,0,0,0,0,0,0,0,0,0,0,0,0,0,0,0
285         Tyr Ser,0,0,0,0,0,0,0,0,0,0,0,0,0,0,0
286         dl-.beta.-Phenyllactic acid,0,0,0,0,0,0,0,0,0,0,0,0,0,0,0
287         floxuridine,22163366,19186706,20007434,11468979,11966389,16916506,11982647,12886826,10184595,12683487,14288975,10750289,14291340,14886296,10643646
288         Galangin,20654,13399,20505,0,0,0,0,0,0,0,0,0,0,0,0
289         Veratric acid,3716887,3114156,3205843,1874530,2051952,2368306,2019540,2261123,2047754,2117298,2167026,1603990,2495482,2384373,1847679
290         dl-.beta.-Phenyllactic acid,0,0,0,0,0,0,0,0,0,0,0,0,0,0,0
291         Allantoic acid,0,0,0,0,0,0,0,0,0,0,0,0,0,0,0
292         AICAR,33065,14402,29734,38351,42059,68325,39980,78434,53105,74706,91067,49135,61311,48343,73596
293         L-Aspartic acid,18136310,16382734,14609085,11798135,12384912,11034519,15419400,12611226,11560806,14142771,13941673,10519859,14367918,10109152,12424280
294         Phthalic anhydride,0,0,0,0,0,0,0,0,0,0,0,0,0,0,0
295         Phospho(enol)pyruvic acid,0,0,0,0,0,0,0,0,0,0,0,0,0,0,0
296         Thiosulfuric acid,1352646,870914,0,407429,701632,829227,1245539,651955,631720,542491,756347,555741,0,551146,396750
297         Diisopropylethylamine,0,0,0,0,0,0,0,0,20376424,0,10726748,0,0,0,6900150
298         Pro-Glu,4131516,2818058,3505114,1947904,1439527,2193375,1762840,2091761,1815607,1470570,1887997,1469890,1836545,1942791,1479474
"299         Hexanedioic acid, 2-amino-",32830728,25579434,28551132,31452176,19898332,32164952,27355060,20084916,23567578,24962528,26561678,18922188,23460370,30966026,22779164
300         L-Serine,2481160,2307267,2085806,1726930,1751691,1590790,2213201,1764706,1606303,1971443,1969714,1455829,1978711,1438522,1784603
301         SULFAMERAZINE,0,0,0,0,0,0,0,0,0,0,0,0,0,0,0
302         DL-Dithiothreitol,0,0,0,0,0,0,0,0,0,0,0,0,0,0,0
"303         4,6-Diamino-5-formamidopyrimidine",2387046,2387553,2835411,2431526,2807320,2604694,2776181,2887690,2837566,2512469,2514956,2815708,2453834,2994992,2838133
304         Chlormequat,0,719386,0,0,0,674894,0,0,0,0,0,0,0,0,233304
305         3-Acrylamidopropyl trimethylammonium,0,0,0,0,0,0,0,0,0,0,0,0,0,0,0
306         Bethanechol,2359929,2417536,1313746,1640594,984079,1846805,1509514,1060670,706766,732415,654842,1352939,913040,942239,703711
307         Thr Asp,214655,157329,159891,85414,71798,72769,87581,52932,60515,130918,51989,47378,60208,33375,119166
308         trans-Ferulic acid,0,0,0,0,0,0,0,0,0,0,0,0,0,0,0
"309         3,4,2',4',6'-Pentahydroxychalcone",0,0,0,0,0,0,0,0,0,0,0,0,0,0,0
310         N-Methylformamide,0,0,0,0,0,0,0,0,0,0,0,0,0,0,0
311         Ser-Ser-Lys,29315990,25218358,25650346,16010433,12430980,24612658,14090359,10700190,12508543,14368134,20849980,9659999,14780442,21574706,11859132
312         D-Glucosamine,32830728,25579434,28551132,31452176,19898332,32164952,27355060,20084916,23567578,24962528,26561678,18922188,23460370,30966026,22779164
313         N.epsilon.-Methyl-L-lysine,2359929,2417536,1313746,1640594,984079,1846805,1509514,1060670,668637,668917,621748,1352939,913040,942239,703711
"314         3-Oxo-1,8-octanedicarboxylic acid",0,0,0,0,0,0,0,0,0,0,0,0,0,0,0
"315         Phenol, 3-amino-",0,0,0,0,0,0,0,0,0,0,0,0,0,0,0
316         L-Methionine,30327,0,0,0,0,0,0,0,0,0,0,0,32506,0,0
317         Galactosamine,5491016,4714784,4256345,3613573,1767471,4483688,2434474,1711078,2362620,2557810,2976696,1959688,2360060,4420071,2007654
"318         Hexanedioic acid, 2-amino-",7860718,6036536,6801332,7438237,4723662,7774018,6691792,4794637,5553507,5864704,6306492,4491440,5592330,7267256,5381539
319         .beta.-Methylphenethylamine,0,0,0,0,0,0,0,0,0,0,0,0,0,0,0
320         Chlormequat,0,0,0,0,0,0,0,0,0,0,0,0,0,0,0
321         p-Toluenesulfonic acid,0,0,0,0,0,0,0,0,0,0,0,0,0,0,0
322         L-Glutamic acid,6481486,5271560,5066475,6161889,5347580,7582560,6201142,4308978,4405179,6028122,5569966,4427109,5466858,7145984,5350960
323         Tyr-Ser,0,0,0,0,0,0,0,0,0,0,0,0,0,0,0
324         Ser-Tyr,0,0,0,0,0,0,0,0,0,0,0,0,0,0,0
325         Cys-Gly-Lys,2387046,2387553,2835411,2431526,2807320,2604694,2776181,2887690,2837566,2512469,2514956,2815708,2453834,2994992,2838133
326         DROPROPIZINE,0,0,0,0,0,0,0,0,0,0,0,0,0,0,0
327         Hydralazine,0,0,0,0,0,0,0,0,0,44297,0,0,0,0,0
328         Ile-Asp,1641464,1185588,1320302,528642,673935,847428,527580,744546,546955,618302,710940,556887,828546,879298,535288
329         Ritalinic acid,0,0,0,0,0,0,0,0,0,0,0,0,0,0,0
"330         Benzoic acid, 3-amino-",0,0,0,0,0,0,0,0,0,0,0,0,0,0,0
331         Pyrimidin-4-yl-Methanol,0,0,0,0,0,0,0,0,0,0,0,0,0,0,0
332         L-Glutamate,136831904,113795480,133204176,114840664,86480296,115561688,119352048,96789544,97040248,101577632,110346768,89450872,107546208,104586568,96081648
333         .beta.-Nicotinamide adenine dinucleotide,3729906,2213835,3548820,422687,725824,1270926,681592,1996311,1470356,1461556,1728959,701058,2743372,1110502,1401782
"334         2-Propenal, 3-(1,3-benzodioxol-5-yl)-",0,0,0,0,0,0,0,0,0,0,0,0,0,0,0
"335         Phenol, 4-amino-",0,0,0,0,0,0,0,0,0,0,0,0,0,0,0
336         2-Pyridylacetic acid,0,0,0,0,0,0,0,0,0,0,0,0,0,0,0
337         .gamma.-Aminobutyric acid,1127006,1353735,0,1726333,0,1403291,1246774,0,0,0,0,0,0,0,0
338         Gly-Gly-Gly,0,0,0,0,0,0,0,0,0,0,0,0,0,0,0
339         N-Nitrosopyrrolidine,0,0,0,0,0,0,2297132,0,0,0,0,0,0,0,0
340         (-)-Corey Lactone Diol,0,0,0,0,0,0,0,0,0,0,0,0,0,0,0
341         L-Asparagine,3648628,3195888,2495782,1789408,1477805,1781212,1944478,1820678,2217700,1557205,1655798,1276285,1868570,1521414,1516855
342         Procaine,0,0,0,0,0,0,0,0,0,0,0,0,0,0,0
343         Lys His Met,2734714,1940702,2115300,2336360,2238030,1480433,1658794,2044338,1889989,2518020,1294521,1790182,912020,2111750,865099
344         Pro-Val-Lys,0,0,0,0,0,0,0,0,0,0,0,0,0,0,0
345         dl-.beta.-Phenyllactic acid,0,0,0,0,0,0,0,0,0,0,0,0,0,0,0
346         ALBIZZIINE,153140,112233,199731,176466,302945,216134,221287,237179,151354,306463,116297,179963,234803,136441,194479
347         L-Carnitine,1121173,842631,918370,5881290,7221993,6228512,5834998,7000440,3634052,6876753,5802032,5167558,5518562,5663170,5024052
348         .beta.-Nicotinamide adenine dinucleotide,3723800,1993522,3448558,403313,662494,1110244,664609,1864840,1198463,1267710,1454880,629328,1912932,1101031,1151229
349         Homovanillic acid,3716887,3114156,3205843,1874530,2051952,2368306,2019540,2261123,2047754,2117298,2167026,1603990,2495482,2384373,1847679
350         1-Hydroxy-2-naphthoic acid,0,0,0,0,0,0,0,0,0,0,0,0,0,0,0
351         Glu Ser,214655,157329,159891,85414,71798,72769,87581,52932,60515,130918,51989,47378,60208,33375,119166
352         Dihydralazine,0,0,0,0,0,0,0,0,0,0,0,0,0,0,0
353         4-(Trifluoromethyl)benzylamine,63939,56076,53835,61662,30959,65112,49886,32948,40776,56799,50691,25062,40431,48013,35486
354         5-Hydroxyferulate,0,0,0,0,0,0,0,0,0,0,0,0,0,0,0
355         D-Ornithine,1033274,784488,895736,995722,610875,1054806,837672,627383,778982,823073,849719,598386,718227,974014,680174
356         Galactosamine,32830728,25579434,28551132,31452176,19898332,32164952,27355060,20084916,23567578,24962528,26561678,18922188,23460370,30966026,22779164
357         3-Hydroxy-2-butanone,1212783,1065138,1220403,1096472,1126272,984863,1163332,1170309,1083094,1095740,1122265,1048964,1058152,1215109,1054606
358         Cys-Glu-Lys,0,0,0,0,0,0,0,232408,0,0,0,0,0,0,0
359         3-Hydroxy-4-methoxycinnamic acid,0,0,0,0,0,0,0,0,0,0,0,0,0,0,0
360         Pyroquilon,0,0,0,0,0,0,0,0,0,0,0,0,0,0,0
"361         1,4-Dithiothreitol",0,0,0,0,0,0,0,0,0,0,0,0,0,0,0
362         N-Acetyl-DL-serine,19874548,17417012,16157718,20465130,17308682,22490140,19177244,14269782,15169012,16911404,16719250,14195465,17076112,21575144,17580408
363         DL-2-Methylglutamic acid,7860718,6036536,6801332,7438237,4723662,7774018,6691792,4794637,5553507,5864704,6306492,4491440,5592330,7267256,5381539
"364         2,3-Dihydroxy-3-methylbutyric acid",0,0,0,0,0,0,0,0,0,0,0,0,0,0,0
"365         2,3-Dihydroxy-3-methylbutyric acid",0,0,0,0,0,0,0,0,0,0,0,0,0,0,0
366         2-ACETYLPYRROLE,0,0,0,0,0,0,0,0,0,0,0,0,0,0,0
367         Gly-Ala,1717635,2002380,2527812,3706422,5793786,3596482,4724249,3680410,2891127,5084268,2521992,3710108,4151588,2968370,3460439
368         3-Dehydroshikimic acid,0,0,0,0,0,0,0,0,0,0,0,0,0,0,0
369         5-Methoxytryptamine,0,0,0,0,0,0,0,0,0,0,0,0,0,0,0
"370         3,6,4'-Trihydroxyflavone",20654,13399,20505,0,0,0,0,0,0,0,0,0,0,0,0
"371         2,2'-Dithiodiethanol",0,0,0,0,0,0,0,0,0,0,0,0,0,0,0
372         L-Theanine,2080599,2208698,2228789,2241958,2152612,2015920,2303256,2260419,1909297,2103737,2101127,2210456,2167897,2501200,2273189
373         Monomethyl glutaric acid,0,0,0,0,0,0,0,0,0,0,0,0,0,0,0
374         Secobarbital,253502,271986,180088,179575,133009,170738,112251,141016,887631,154081,204007,129684,184781,152496,126457
375         L-Methionine,0,0,0,0,0,0,0,0,0,0,0,0,0,0,0
376         Adipic acid,0,0,0,0,0,0,0,0,0,0,0,0,0,0,0
377         1-(4-Methoxyphenyl)-2-propanone,0,0,0,0,0,0,0,0,0,0,0,0,0,0,0
378         Cathine,0,0,0,0,0,0,0,0,0,0,0,0,0,0,0
379         3-Fluoromethamphetamine,0,0,0,0,0,0,0,0,0,0,0,0,0,0,0
380         4-Amino-5-hydroxymethyl-2-methylpyrimidine,0,0,0,0,0,0,0,0,0,0,0,0,0,0,0
381         Benzenebutanoic acid,0,0,0,0,0,0,0,0,0,0,0,0,0,0,0
382         Ser Ser Cys,0,0,0,0,0,0,0,0,0,0,0,0,0,0,0
383         Diglykokoll,28881270,26707306,24954118,21443432,21493474,18547478,26440216,19655514,20645760,23075316,23727300,17771708,24143128,18904348,18390326
"384         1,2-Diacetylhydrazine",0,0,0,0,0,0,0,0,0,0,0,0,0,0,0
385         D-Glucosamine,5491016,4714784,4256345,3613573,1767471,4483688,2434474,1711078,2362620,2557810,2976696,1959688,2360060,4420071,2007654
386         Streptozocin,0,0,0,0,0,0,0,0,0,0,0,0,0,0,0
387         N-Tris(hydroxymethyl)methylglycine,9549906,8009008,7586889,10562050,5023516,11455496,7936829,4432468,5861566,6930850,9708647,4540892,6878862,9358738,5853962
388         Gly-Gly,3605292,2737880,2701961,3281244,1667145,3601089,2284128,1672400,2241553,2409561,2477338,1492089,2127302,2740700,1903316
389         L-Isoleucine,26452680,24205320,22456042,22297916,14976222,24180326,17210088,7936238,24104244,17667500,21956994,6446951,12366258,11130697,8535243
390         Gly Val,2080599,2208698,2228789,2241958,2152612,2015920,2303256,2260419,1909297,2103737,2101127,2210456,2167897,2501200,2273189
391         D-Mannosamine,32830728,25579434,28551132,31452176,19898332,32164952,27355060,20084916,23567578,24962528,26561678,18922188,23460370,30966026,22779164
392         Adipic acid,0,0,0,0,0,0,0,0,0,0,0,0,0,0,0
393         Phe-Pro,292759,288206,219221,226149,130929,165076,125139,148348,1058100,204385,234953,157987,202900,145913,114500
394         2-Mercaptoethanesulfonic acid,0,0,0,0,0,0,0,0,0,0,0,0,0,0,0
395         (3-Carboxypropyl)trimethylammonium cation,112947,84069,94318,777562,1062142,800119,808430,857874,581015,936532,869443,701818,716430,731659,737710
"396         Benzoic acid, 2,6-dihydroxy-",0,0,0,0,0,0,0,0,0,0,0,0,0,0,0
397         trans-Cinnamic acid,0,0,0,0,0,0,0,0,0,0,0,0,0,0,0
"398         DL-Lysine, 5-hydroxy-",299496,1838725,1931135,544572,2075503,574010,162285,0,1749561,1668477,1712165,0,1930266,0,121493
"399         Homophenylalanine, butyl ester",23218628,19761242,19315758,1726344,10792325,24747880,13221940,486952,13370248,15590957,24144588,5591194,16056817,1355104,14047945
400         AICAR,933550,884983,1027822,1003914,519681,526538,874619,545462,665272,1169262,629010,559695,767209,428769,875628
401         1-Hydroxy-2-naphthoic acid,0,0,0,0,0,0,0,0,0,0,0,0,0,0,0
402         Gly-Pro-Lys,14600562,13157495,14927665,13679003,13491017,12283472,13713390,13727371,13126951,13114007,13379104,13117683,12852067,14602863,13043912
403         Gly-Asn,0,0,0,0,0,0,0,0,0,0,0,0,0,0,0
404         3-Hydroxy-2-Methylpyridine,0,0,0,0,0,0,0,0,0,0,0,0,0,0,0
405         4-Chromanone,0,0,197061,323896,0,151169,338300,254655,0,0,0,247149,0,254593,0
"406         4,6-Diamino-5-formamidopyrimidine",934049,906064,1055934,1093840,1183025,944345,1129116,1190230,1143044,1026582,997711,1096976,1001052,1091092,1144910
"407         3,4-Dimethoxybenzoic acid",0,0,0,0,0,0,0,0,0,0,0,0,0,0,0
408         Phosphocholine,14999,0,0,0,16791,0,0,0,19184,0,0,17357,17668,0,0
409         Nitric acid,0,0,0,0,0,0,0,0,0,0,0,0,0,0,0
410         Pro-Asp-Arg,0,0,0,0,0,0,397883,0,0,0,0,0,0,0,0
411         Isoniazid,0,0,0,0,0,0,0,0,0,0,0,0,0,0,0
412         Ser Cys Ser,0,0,0,0,0,0,0,0,0,0,0,0,0,0,0
413         Gly-Gly,2072300,2185094,1430740,1261991,990689,1305381,1322820,1211617,1554374,979621,1324605,1026070,1340058,1218566,1077016
414         Glycyl-glycine,2182654,2036520,1767226,1467533,1306390,1425031,1473176,1320863,1557533,1461721,1290691,1027127,1509015,1106497,1097500
415         2-(1-Naphthyl)acetic acid,0,0,0,0,0,0,0,0,0,0,0,0,0,0,0
"416         2',3',4'-Trihydroxyacetophenone",0,0,0,0,0,0,0,0,0,0,0,0,0,0,0
417         3-Phenoxypropionic acid,0,0,197061,323896,0,151169,338300,254655,0,0,0,247149,0,254593,0
418         dl-.beta.-Phenyllactic acid,0,0,0,0,0,0,0,0,0,0,0,0,0,0,0
419         7-Hydroxywarfarin,1844845,1238820,1338787,1016932,388227,1425957,595301,703846,587940,952006,722822,743639,588787,1232315,622367
420         Ser-Ser,48883824,38997328,36775536,45798304,23580780,48264120,32536460,23297458,31916332,33034536,33737436,21614906,30526598,39057996,27253974
421         o-Toluenesulfonamide,0,0,0,0,0,0,0,0,0,0,0,0,0,0,0
422         Gly-Gly-Gly,205546,166060,166660,235764,108504,295114,168411,105354,172220,186299,134370,128487,134583,199380,145479
423         Piperidine,6686612,6139150,5640666,5828699,3730308,6193860,4475923,1982453,6182606,4468704,5644349,1543783,3016917,2788238,2103029
424         Val-Gly,2080599,2208698,2228789,2241958,2152612,2015920,2303256,2260419,1909297,2103737,2101127,2210456,2167897,2501200,2273189
425         .alpha.-Methyl cinnamic acid,82919,67210,84655,108669,53850,95627,83944,49386,73415,75436,80863,63632,54956,81824,61945
426         L-Arginine,0,54774,34096,0,0,0,0,0,0,45532,0,0,0,0,0
427         Ser-Gly,82919,67210,85315,108669,53850,95627,83944,49386,73415,75436,80863,63632,71662,81824,61945
428         Pyrimidin-4-yl-Methanol,0,0,0,0,0,0,0,0,0,0,0,0,0,0,0
429         Alpha-D-Fucose,0,0,0,0,0,0,0,0,0,0,0,0,0,0,0
"430         Propanoic acid, 3-amino-2-methyl-",1127006,1353735,0,1726333,0,1403291,1246774,0,0,0,0,0,0,0,0
431         Plumbagine,0,0,0,0,0,0,0,0,0,0,0,0,0,0,0
432         Pro-Ala-Arg,0,0,0,78559,0,0,135199,0,0,0,0,107861,0,0,0
433         L-(-)-Fucose,0,0,0,0,0,0,0,0,0,0,0,0,0,0,0
"434         Benzeneethanamine, 3,4-dimethoxy-",0,0,0,0,0,0,0,0,0,0,0,0,0,0,0
435         Sulfuric acid,3915732,0,4117022,0,0,0,0,3752732,0,0,3734748,0,0,0,0
436         Phosphoric acid,808613,55364,1775795,0,0,0,0,349829,265638,168474,473469,0,68192,0,348908
"437         Benzeneacetic acid, .alpha.-ethyl-",0,0,0,0,0,0,0,0,0,0,0,0,0,0,0
438         DL-Pyroglutamic acid,24599878,17553396,32331288,28410250,49549376,30226932,35274776,37066080,24143526,43764228,20086814,28267014,34358300,23515216,30356248
"439         (2S,3S)-(-)-3-Phenylglycidol",0,0,0,0,0,0,0,0,0,0,0,0,0,0,0
440         Gly-Ala,24599878,17553396,32331288,28410250,49549376,30226932,35274776,37066080,24143526,43764228,20086814,28267014,34358300,23515216,30356248
441         Ala-Gly,24599878,17553396,32331288,28410250,49549376,30226932,35274776,37066080,24143526,43764228,20086814,28267014,34358300,23515216,30356248
442         N-Methylnicotinic acid cation,0,0,0,0,0,0,0,0,0,0,0,0,0,0,0
443         L-Alanine,10725417,8675748,7610712,8210550,4561244,10540391,5932112,4184734,5338377,4833795,7404556,4164382,4480834,6077687,4050427
444         Nitroacetic acid ethyl ester,18136310,16261095,14609085,10381778,12384912,9420304,15419400,11286098,11560806,14142771,13941673,10124406,14367918,9716227,12107923
445         4-Hydroxyisoleucine,55930,0,47666,0,0,0,48943,0,0,0,47912,0,0,0,0
446         4-Hydroxycinnamyl aldehyde,17767,11488,13014,0,0,0,0,0,0,0,0,0,0,0,0
447         Gly Pro Cys,0,0,0,0,0,0,0,0,0,0,0,0,0,0,0
448         2-Ketobutyric acid,1515228,1462631,1413421,963504,1340167,987162,1299243,1599006,1061426,1422371,1069609,1428691,1861233,1539518,1529603
449         S-(2-Boronoethyl)-L-cysteine,1433449,1339380,1970162,382871,571501,944416,433675,590316,668340,640270,815688,573988,1304182,736930,566338
450         Bensulfuron-methyl,0,0,0,0,0,0,0,0,0,0,0,0,0,0,0
451         5-Aminovaleric acid,5892108,5322895,4881974,6846826,3310203,7316288,5217877,2997312,3913783,4467166,6153183,2909694,4478710,5964360,3779678
452         5-Methoxytryptophan,0,0,0,0,0,0,0,0,0,0,0,0,0,0,0
453         Triethyl phosphate,0,0,0,0,0,0,0,0,0,0,0,0,0,0,0
454         Guanidinosuccinic acid,312804,243976,206618,239683,137192,288251,202923,142376,173808,215496,195377,117122,179450,189631,145194
455         Met-Ala-OH,20340,14785,15733,0,14438,19145,10148,11566,0,0,0,0,0,21206,0
"456         5-Methyl-5,6-Dihydrouracil",1007254,719175,922384,1164848,563261,1402140,947026,571404,863249,908854,706616,642532,662782,991024,843148
457         N-Nitrosopyrrolidine,0,0,0,0,0,0,0,0,0,0,0,0,0,718982,0
458         D-Cycloserine,0,0,0,0,0,0,0,0,0,0,0,0,0,101984,0
459         4-Pyridoxic acid,2536769,2136709,2187077,2630910,1704977,2737375,2532771,1991490,1920150,2493792,321715,1987405,558918,2418535,2256522
460         3-Acetylcoumarin,0,0,0,0,0,0,0,0,0,0,0,0,0,0,0
461         L-(-)-Fucose,0,0,0,0,0,0,0,0,0,0,0,0,0,0,0
462         Tris(hydroxymethyl)aminomethane,0,0,0,0,0,0,0,0,0,0,0,0,0,0,0
463         Antazoline,0,0,0,0,0,0,0,0,0,0,0,0,0,0,0
464         Calpain Inhibitor I,0,0,0,0,0,0,0,0,0,0,0,0,0,0,0
465         Clioquinol,0,0,0,0,0,0,0,0,0,0,0,0,0,0,0
466         Met His Lys,2734714,1940702,2115300,2336360,2238030,1480433,1658794,2044338,1889989,2518020,1294521,1790182,912020,2111750,865099
467         Lys Thr Lys,0,0,0,0,0,0,0,0,0,0,0,0,0,0,0
468         Fluopicolide,0,0,0,0,0,0,0,0,0,0,0,0,0,0,0
469         Lys-Thr-Lys,0,0,0,0,0,0,0,0,0,0,0,0,0,0,0
470         Nifurtimox,0,0,0,0,0,0,0,0,0,0,0,0,0,0,0
"471         13-Docosenamide, (Z)-",0,0,0,0,0,0,0,0,0,0,0,0,0,0,0
472         Succinylacetone,0,0,0,0,0,0,0,0,0,0,0,0,0,0,0
473         Histamine,0,0,0,0,0,0,0,0,0,0,0,0,0,0,0
